{
  "Petición HTTP" : {
    "transaction" : "Petición HTTP",
    "sampleCount" : 10,
    "errorCount" : 0,
    "errorPct" : 0.0,
    "meanResTime" : 1081.4,
    "medianResTime" : 1154.5,
    "minResTime" : 616.0,
    "maxResTime" : 1334.0,
    "pct1ResTime" : 1333.4,
    "pct2ResTime" : 1334.0,
    "pct3ResTime" : 1334.0,
    "throughput" : 7.49063670411985,
    "receivedKBytesPerSec" : 210.2498829588015,
    "sentKBytesPerSec" : 0.9875351123595506
  },
  "Total" : {
    "transaction" : "Total",
    "sampleCount" : 10,
    "errorCount" : 0,
    "errorPct" : 0.0,
    "meanResTime" : 1081.4,
    "medianResTime" : 1154.5,
    "minResTime" : 616.0,
    "maxResTime" : 1334.0,
    "pct1ResTime" : 1333.4,
    "pct2ResTime" : 1334.0,
    "pct3ResTime" : 1334.0,
    "throughput" : 7.49063670411985,
    "receivedKBytesPerSec" : 210.2498829588015,
    "sentKBytesPerSec" : 0.9875351123595506
  }
}